local_authority,la_code,pcp_cycle_27_74,pcp_walk_25_74,pcm_cycle_27_74,pcm_walk_25_74,pcf_cycle_27_74,pcf_walk_25_74
Adur,E07000223,3.705828362,6.776808934,5.008383757,4.570970329,2.268522243,9.210843858
Allerdale,E07000026,1.539519238,10.9779753,2.528746377,6.782275404,0.444835256,15.62095898
Amber Valley,E07000032,1.331048272,8.188136723,2.22261926,5.117026979,0.313901345,11.69180595
Anglesey,W06000001,,,,,,
Arun,E07000224,3.472338712,7.285201463,4.084856691,4.729664378,2.807986852,10.05699899
Ashfield,E07000170,2.005225614,8.520653616,3.232480968,4.407573687,0.614799416,13.1805918
Ashford,E07000105,2.427818924,7.835953899,3.396551079,5.255676505,1.338102251,10.73848096
Aylesbury Vale,E07000004,1.593983482,7.598193075,2.037199024,5.363473137,1.084627391,10.16639771
Babergh,E07000200,1.924400445,7.843189158,2.50777509,4.931628573,1.249928657,11.20940586
Barking and Dagenham,E09000002,1.371109628,5.6861615,2.044724835,3.112150059,0.585025965,8.689936239
Barnet,E09000003,1.414957943,5.193319754,2.06652376,3.711553746,0.669559826,6.88847558
Barnsley,E08000016,0.6981053,8.949643779,1.181332443,4.950743029,0.156681166,13.43014826
Barrow-in-Furness,E07000027,5.450351576,16.01622084,9.421104398,12.61767599,0.980624753,19.84183472
Basildon,E07000066,1.603627516,7.367009511,2.418604651,3.979328165,0.665953145,11.26471638
Basingstoke and Deane,E07000084,2.036162241,7.737416517,3.045697163,5.808128102,0.873527271,9.959289315
Bassetlaw,E07000171,2.432107253,8.243812307,3.289949385,4.924881498,1.445727483,12.06004619
Bath and North East Somerset,E06000022,2.898985491,13.92631177,4.188874515,11.15653299,1.46168483,17.01262757
Bedford,E06000055,3.746904925,8.61251156,4.566915856,5.764150413,2.819453274,11.83407502
Bexley,E09000004,1.206660015,4.790263574,1.982260849,2.714447289,0.353565115,7.073484799
Birmingham,E08000025,1.528973474,8.450323384,2.305981564,6.189369239,0.606390097,11.1348755
Blaby,E07000129,2.613281068,5.277894442,3.916495673,2.984209118,1.183953033,7.793542074
Blackburn with Darwen,E06000008,0.982590847,11.27603771,1.6093437,9.163752419,0.185640893,13.96192203
Blackpool,E06000009,3.105068815,12.7932565,4.752432276,9.989511375,1.35140338,15.77792323
Blaenau Gwent,W06000019,0.446977774,8.857541212,0.785197854,5.084350463,0.069426365,13.06951315
Bolsover,E07000033,0.770859525,7.791305499,1.259383336,3.976673491,0.212660381,12.14999646
Bolton,E08000001,1.00551592,8.457123722,1.6773789,5.739318249,0.235547748,11.57178218
Boston,E07000136,6.424341738,8.063014413,6.475479143,5.510146561,6.367011612,10.92503357
Bournemouth,E06000028,4.444152948,10.66963993,5.771880212,8.756918763,2.868452757,12.93959038
Bracknell Forest,E06000036,2.086991513,6.209760023,2.718178682,4.936184891,1.374503543,7.647379488
Bradford,E08000032,0.789942203,9.546657756,1.248585439,7.36891739,0.221070731,12.24778637
Braintree,E07000067,1.37404346,7.594043767,1.897522362,3.932215014,0.767805136,11.83478952
Breckland,E07000143,2.54616676,8.401417646,2.923775454,5.410704458,2.098785557,11.94473877
Brent,E09000005,2.577869193,6.626537912,3.469810725,4.817656505,1.483564597,8.845817055
Brentwood,E07000068,0.829223181,6.038840937,1.131966503,3.725093849,0.482644628,8.687603306
Bridgend,W06000013,0.842920395,7.44548806,1.350163496,4.28254984,0.278017073,10.9679693
Brighton and Hove,E06000043,4.751144283,17.54484351,5.921357693,15.63881418,3.412486518,19.72523295
"Bristol, City of",E06000023,7.557614979,16.83337603,10.00823852,13.73121565,4.748813693,20.38894135
Broadland,E07000144,3.816654492,4.821037253,5.158264947,2.696365768,2.306079665,7.213292958
Bromley,E09000006,1.501587371,5.142643468,2.321792261,3.059203596,0.605883977,7.417860539
Bromsgrove,E07000234,0.964645734,5.110210775,1.488233653,2.623011813,0.400721298,7.789020236
Broxbourne,E07000095,1.264478526,5.796349806,1.887938689,3.060890696,0.565681961,8.862350723
Broxtowe,E07000172,4.195744681,7.931914894,5.890377979,5.356712944,2.282815472,10.8388441
Burnley,E07000117,1.04386653,10.2697158,1.829645893,8.129257445,0.136514334,12.74133784
Bury,E08000002,1.328017844,7.143864327,2.247218789,5.025957973,0.338116664,9.424669205
Caerphilly,W06000018,0.620512366,6.568566616,1.080108011,3.943519352,0.112030871,9.472832514
Calderdale,E08000033,0.917099352,9.239834315,1.526717557,7.098130324,0.236978524,11.62922735
Cambridge,E07000008,28.82571219,12.81937304,28.9387018,11.60451857,28.68995447,14.27902821
Camden,E09000007,6.265183609,14.41263276,8.05558146,12.85834188,4.178351703,16.22426574
Cannock Chase,E07000192,1.299140346,6.913455037,2.168303834,3.512742746,0.305367217,10.80171834
Canterbury,E07000106,2.613858519,11.5849685,3.421262435,9.265485805,1.731388521,14.1200985
Cardiff,W06000015,3.699349712,12.3696076,5.137456315,10.89321844,2.104354649,14.00706159
Carlisle,E07000028,2.553309688,13.73231913,4.218181818,10.08484848,0.684745148,17.82604752
Carmarthenshire,W06000010,0.762455077,6.87477979,1.298947311,4.746569967,0.179401212,9.187694841
Castle Point,E07000069,1.496613807,5.136423177,1.617443825,2.001330808,1.352178169,8.883994126
Central Bedfordshire,E06000056,1.533700489,6.299340142,2.029328515,3.618889226,0.967771387,9.359992696
Ceredigion,W06000008,1.024355301,9.974928367,1.489921122,8.777725342,0.496676091,11.33185604
Charnwood,E07000130,3.576755434,8.217849023,4.937126647,5.616322523,2.037288554,11.16187184
Chelmsford,E07000070,2.75771937,8.17810986,3.362709862,5.334547782,2.058128612,11.46630989
Cheltenham,E07000078,6.637306714,14.67214719,7.958982593,11.66295661,5.108287246,18.15341749
Cherwell,E07000177,3.38691679,9.245408209,4.27233655,6.714484957,2.38927552,12.09711042
Cheshire East,E06000049,2.533648082,7.599708321,3.695845836,5.29819955,1.2377467,10.16599137
Cheshire West and Chester,E06000050,2.59915492,7.50843305,3.733717673,4.813314116,1.358723929,10.45503873
Chesterfield,E07000034,1.088172965,9.657832702,1.792648785,6.633252055,0.302251776,13.03208906
Chichester,E07000225,3.878145584,9.362861003,4.470890962,6.975715664,3.222795164,12.00213371
Chiltern,E07000005,0.846165199,5.042554238,1.167315175,3.543144884,0.473177734,6.783986389
Chorley,E07000118,1.404720539,6.676130345,2.236984273,4.381928048,0.468278626,9.257508217
Christchurch,E07000048,4.476866748,6.457339399,5.669506679,4.407278847,3.145909144,8.745157882
City of London,E09000001,,,,,,
Colchester,E07000071,3.86989135,9.96703878,5.096982485,7.628949844,2.466119933,12.64177281
Conwy,W06000003,1.26678774,8.802493218,1.923160597,6.391680808,0.568970303,11.36552873
Copeland,E07000029,1.786270641,8.412088483,3.000968054,4.35624395,0.380824373,13.10483871
Corby,E07000150,2.747045985,7.601414917,4.43830962,4.806399094,0.827508637,10.7736804
Cornwall,E06000052,1.605133494,10.61854016,2.451545312,7.341540073,0.669657934,14.24036281
Cotswold,E07000079,1.933034173,9.431507395,2.372171833,6.468653444,1.432225064,12.81045752
County Durham,E06000047,0.939177995,8.614288281,1.588302752,5.402331804,0.229769812,12.12453524
Coventry,E08000026,2.527423785,9.37867854,3.831074269,6.559554482,1.039364326,12.59658416
Craven,E07000163,1.19259379,12.4555304,1.933787129,8.671101485,0.381097561,16.59891599
Crawley,E07000226,2.484240984,7.330784334,3.492343708,5.004413401,1.307774991,10.04568255
Croydon,E09000008,1.23275628,6.797290134,1.91050468,5.137189837,0.492357636,8.6108481
Dacorum,E07000096,1.02479136,7.685935199,1.584522203,5.029135689,0.382245362,10.73582232
Darlington,E06000005,2.282775632,11.61865314,3.60448996,8.031841152,0.8489788,15.50962985
Dartford,E07000107,1.036066179,6.191014606,1.638637344,3.988788271,0.342482752,8.725864893
Daventry,E07000151,1.268300987,6.673476336,1.951920009,4.573981491,0.486558813,9.074321859
Denbighshire,W06000004,1.493565543,9.181845738,2.299034512,5.84093455,0.632767073,12.75225174
Derby,E06000015,3.787548072,10.61220247,5.789637346,7.373576398,1.485834302,14.33550809
Derbyshire Dales,E07000035,1.01231277,8.752221376,1.604182758,5.507694136,0.33376473,12.47190246
Doncaster,E08000017,2.405297831,8.536062311,3.126807635,4.605051739,1.578947368,13.03827751
Dover,E07000108,2.08810454,10.07903363,2.821622539,6.860997963,1.263710062,13.69575584
Dudley,E08000027,1.212766468,6.873944333,2.099236641,4.306665865,0.202148253,9.800764052
Ealing,E09000009,2.98540558,6.400849325,3.961916836,4.818909924,1.786115311,8.34368871
East Cambridgeshire,E07000009,2.683572665,4.819737244,2.506147153,2.63854738,2.890556046,7.364298323
East Devon,E07000040,2.075539095,9.460247034,2.898865033,6.076050025,1.183153771,13.12830558
East Dorset,E07000049,2.199537533,3.708194687,2.987471892,2.013063497,1.322688275,5.594613918
East Hampshire,E07000085,1.572393213,6.779271955,2.118019346,4.552483009,0.952264182,9.31011934
East Hertfordshire,E07000242,1.214910262,7.26645191,1.718517671,4.529337756,0.632073599,10.4341783
East Lindsey,E07000137,3.645490946,10.75320226,4.647929661,7.428421132,2.514309943,14.50498198
East Northamptonshire,E07000152,1.172952489,7.218169163,1.543254254,3.992331656,0.741939083,10.97288854
East Riding of Yorkshire,E06000011,3.678899018,8.122997716,4.036707123,4.323313329,3.282500783,12.33248364
East Staffordshire,E07000193,3.113782453,9.729526672,4.452582884,6.480339244,1.533491081,13.56479796
Eastbourne,E07000061,2.887342098,12.5006445,4.073541801,9.623866396,1.601203589,15.61979475
Eastleigh,E07000086,2.402234637,5.764664804,3.446323921,3.516249334,1.251467998,8.242806812
Eden,E07000030,1.157105606,11.9214472,1.653337435,8.1051984,0.597920277,16.22183709
Elmbridge,E07000207,2.957836171,4.454350449,3.751007502,3.143406287,2.024513023,5.996935872
Enfield,E09000010,1.387081028,5.618288318,2.186564299,3.777351248,0.486201228,7.692706982
Epping Forest,E07000072,0.752518949,4.645357356,1.193674545,2.247917021,0.251198021,7.369763487
Epsom and Ewell,E07000208,2.452830189,6.367924528,3.345889652,4.520274762,1.436854046,8.469876481
Erewash,E07000036,3.37947713,8.147437768,4.909314601,4.345755447,1.686503579,12.35451711
Exeter,E07000041,6.433720423,19.20975549,8.714605663,14.94960806,3.968356893,23.81446419
Fareham,E07000087,3.473061126,5.468309576,4.968133303,3.213545266,1.824570316,7.954449242
Fenland,E07000010,4.602060165,7.377133193,4.425154503,4.845025239,4.812384318,10.38757081
Flintshire,W06000005,1.778404862,5.943004217,2.936671576,3.390279823,0.49106266,8.780200354
Forest Heath,E07000201,3.735119048,7.756696429,4.212757501,5.312313705,3.123143512,10.88856828
Forest of Dean,E07000080,1.086391216,6.853510546,1.712737127,4.455284553,0.371287129,9.591584158
Fylde,E07000119,2.732612858,8.532113069,3.997775581,6.889520514,1.332968761,10.34930617
Gateshead,E08000037,1.495236797,8.306182872,2.557258276,5.917681546,0.34568156,10.89154886
Gedling,E07000173,1.9048583,6.746963563,3.105614448,3.788771103,0.626828249,9.895528625
Gloucester,E07000081,4.92051763,9.772826313,6.589161152,6.750134144,3.041411537,13.17676442
Gosport,E07000088,10.48705196,8.554850512,13.75013313,5.687506657,6.706564659,11.87685094
Gravesham,E07000109,0.943601655,7.006847161,1.466314989,3.755196924,0.326969729,10.84273811
Great Yarmouth,E07000145,4.126355703,10.86514066,4.841063054,6.826472121,3.30395155,15.51238232
Greenwich,E09000011,2.380311479,5.630647952,3.512704191,3.896429916,1.071480384,7.635074921
Guildford,E07000209,2.366680278,8.7039608,3.249909975,7.481094707,1.31178094,10.16451023
Gwynedd,W06000002,1.242038217,10.66666667,1.836481014,7.718833955,0.573078832,13.98402599
Hackney,E09000012,14.43969399,10.43161717,17.08208529,8.930609043,11.43950282,12.1358732
Halton,E06000006,2.062533628,8.222235507,3.572660712,4.898991835,0.427492322,11.82037022
Hambleton,E07000164,2.574282147,10.49438202,3.590176228,7.5928009,1.416052153,13.8025008
Hammersmith and Fulham,E09000013,7.241216641,11.48351155,8.992828994,9.083274113,5.331611692,14.10024651
Harborough,E07000131,1.960142922,6.751044235,2.423469388,3.859599395,1.4321094,10.04630128
Haringey,E09000014,4.963721194,5.572211677,6.659791757,4.164864775,3.025695606,7.180325376
Harlow,E07000073,2.559239023,8.996970812,3.653114789,5.624296963,1.33301309,12.77771106
Harrogate,E07000165,2.065385465,11.12215595,3.07768742,8.41984154,0.933048641,14.14490041
Harrow,E09000015,0.772358514,5.549502928,1.104726665,3.689538007,0.371332289,7.793685205
Hart,E07000089,1.906448831,4.884983802,2.740432112,3.470641295,0.917150718,6.562722919
Hartlepool,E06000001,1.905457645,10.63221015,3.225428102,6.116584565,0.480982216,15.50534776
Hastings,E07000062,1.436960081,13.46056123,2.150537634,11.00664613,0.656222288,16.14543305
Havant,E07000090,2.925785955,6.316707504,3.883991815,3.407838816,1.855271256,9.56651719
Havering,E09000016,0.89896563,5.485421078,1.326559954,2.733633662,0.414685512,8.602010465
"Herefordshire, County of",E06000019,3.593833464,10.80261867,4.959732634,7.53359482,2.020742008,14.56751844
Hertsmere,E07000098,0.944115536,5.956225332,1.440652756,4.160469168,0.389345235,7.962584873
High Peak,E07000037,1.318849903,11.16939674,2.237358687,7.459439005,0.311316349,15.2389353
Hillingdon,E09000017,1.471684544,5.688525597,2.111290323,3.951612903,0.709356197,7.758703551
Hinckley and Bosworth,E07000132,2.144587371,6.755345807,3.010322226,3.720711174,1.160248115,10.20572092
Horsham,E07000227,1.529318941,7.394785879,1.954107126,4.691130136,1.055137132,10.41281796
Hounslow,E09000018,3.204817792,6.498560473,4.253192671,4.649797731,1.897356758,8.804210193
Huntingdonshire,E07000011,3.447394649,6.832179091,3.653434752,4.083670074,3.207891247,10.02707781
Hyndburn,E07000120,1.109556813,9.439181026,1.890930646,6.395969176,0.205704882,12.95940757
Ipswich,E07000202,4.776593089,14.47420034,5.933372758,10.03679611,3.403774173,19.74033063
Isle of Wight,E06000046,1.491319187,7.308205965,2.446569179,5.174353206,0.424128181,9.692114358
Isles of Scilly,E06000053,3.018410026,14.67114119,4.645369285,10.29454865,1.273234566,19.36574056
Islington,E09000019,9.533742846,14.83364431,12.03884645,13.00013817,6.69691754,16.90994032
Kensington and Chelsea,E09000020,4.554584583,10.59084388,5.595714319,8.662596206,3.242637738,13.02066445
Kettering,E07000153,1.749903587,9.171326649,2.602987777,5.857854233,0.778430766,12.94463347
King`s Lynn and West Norfolk,E07000146,4.640225475,6.944208632,5.640248714,4.90168229,3.476024251,9.322065038
"Kingston upon Hull, City of",E06000010,8.369084972,10.52805703,10.72389264,7.095462968,5.653223027,14.48695852
Kingston upon Thames,E09000021,4.019595701,7.849289243,5.035362854,5.506867569,2.841432605,10.56620597
Kirklees,E08000034,0.940843429,8.236245666,1.572159048,6.210137264,0.183183733,10.66783555
Knowsley,E08000011,1.57009839,8.704338975,2.806499261,4.579025111,0.345202807,12.79126487
Lambeth,E09000022,8.008127612,7.019853244,10.48943015,5.975541258,5.223420868,8.191859715
Lancaster,E07000121,4.101569783,11.91878892,5.866406419,8.689366009,2.221623287,15.35884799
Leeds,E08000035,1.732109631,9.540318396,2.721302797,7.539987648,0.641395365,11.7459435
Leicester,E06000016,3.575623012,14.48423074,5.005860218,11.53075072,1.785473006,18.1809408
Lewes,E07000063,1.724392404,8.673619994,2.518070582,5.683375065,0.862201694,11.92199128
Lewisham,E09000023,3.901460994,5.656625417,5.651308984,3.856131137,2.033535498,7.57861475
Lichfield,E07000194,1.19346447,5.793893478,1.706132623,3.369289613,0.61304919,8.538899431
Lincoln,E07000138,6.188825731,15.32233467,7.730074167,11.71524078,4.444707134,19.40422011
Liverpool,E08000012,2.086303124,10.90627945,3.322065509,8.689823989,0.757214853,13.29012361
Luton,E06000032,1.297026995,11.47269862,1.880964455,7.890369278,0.538776976,16.12439762
Maidstone,E07000110,1.121394998,9.17425869,1.66264995,5.922174984,0.496828422,12.9269131
Maldon,E07000074,1.788955146,6.011333753,1.997282609,3.097826087,1.539213291,9.504031273
Malvern Hills,E07000235,1.673184178,6.176677992,2.56891851,4.616782793,0.666984278,7.928945756
Manchester,E08000003,3.994234193,12.50671264,5.435592729,10.75317792,2.260245825,14.61625634
Mansfield,E07000174,1.366720826,8.049794514,2.215777788,4.649055236,0.419552141,11.843502
Medway,E06000035,1.105129451,8.154112824,1.711649053,4.746475767,0.391311292,12.16459032
Melton,E07000133,2.12171971,9.637933256,3.074823378,6.382466281,1.025214741,13.38320865
Mendip,E07000187,2.15480162,10.48446319,3.01904876,6.601174075,1.198054819,14.78337754
Merthyr Tydfil,W06000024,0.346116572,8.874428908,0.602569783,6.176340275,0.067411402,11.80662558
Merton,E09000024,3.329346093,6.182321833,4.637816947,4.325506041,1.808363397,8.340707463
Mid Devon,E07000042,1.804236032,9.215840088,2.508802817,6.128961268,1.0158222,12.67007326
Mid Suffolk,E07000203,2.678218857,5.737381245,3.376178235,3.963153385,1.851757902,7.838262899
Mid Sussex,E07000228,1.264531289,8.369403908,1.78451277,5.649006816,0.681855434,11.41780036
Middlesbrough,E06000002,2.539045647,11.18301838,3.902418752,6.412600781,1.067551808,16.33174845
Milton Keynes,E06000042,2.769611089,6.377080298,3.904408735,4.700453234,1.460353679,8.311466058
Mole Valley,E07000210,1.741461891,7.21574344,2.424801983,5.354973517,0.953075069,9.362560969
Monmouthshire,W06000021,1.134146659,7.634679916,1.770259638,4.632179386,0.419727177,11.00679295
Neath Port Talbot,W06000012,1.342307841,7.131252176,2.186871457,4.037301152,0.394137209,10.60475428
New Forest,E07000091,3.581154684,5.882352941,4.586438735,3.606608641,2.481035761,8.372782753
Newark and Sherwood,E07000175,3.625083001,8.003403054,3.924384753,4.677431876,3.281319661,11.82345074
Newcastle upon Tyne,E08000021,2.779722941,11.12701071,4.057574202,8.982183941,1.316877802,13.58234295
Newcastle-under-Lyme,E07000195,1.171765647,7.25254949,1.975020691,4.788954932,0.260372204,10.04780604
Newham,E09000025,1.707351614,6.481563435,2.25665357,4.187115427,0.893778685,9.879877901
Newport,W06000022,1.425544903,8.014650436,2.405451448,5.144804089,0.333991195,11.21147715
North Devon,E07000043,3.409782829,14.41039172,4.976440042,10.25579383,1.659684177,19.05145558
North Dorset,E07000050,1.968637567,10.60348924,2.783887388,8.163137058,1.011144734,13.46962875
North East Derbyshire,E07000038,0.693035835,5.406645417,1.171088747,3.215919488,0.158551555,7.855973813
North East Lincolnshire,E06000012,5.277263425,9.987655524,6.358223464,5.969378456,4.035185702,14.60485898
North Hertfordshire,E07000099,1.792876487,7.656576737,2.32900849,4.89828608,1.17595016,10.83053784
North Kesteven,E07000139,3.889963464,6.602192134,5.03411247,4.501231279,2.587435084,8.993979503
North Lincolnshire,E06000013,3.692298754,8.205269732,4.941088059,4.500925951,2.21926742,12.57479343
North Norfolk,E07000147,2.764604721,9.08854031,3.228476821,6.023568368,2.230691626,12.61629862
North Somerset,E06000024,2.622542806,7.290346369,3.483548083,4.541563316,1.6711538,10.32768197
North Tyneside,E08000022,2.496680883,7.240962015,3.976801988,4.727055141,0.952929598,9.86294136
North Warwickshire,E07000218,1.086211252,5.79553246,1.728850622,3.081864152,0.367056664,8.832300986
North West Leicestershire,E07000134,1.62994849,6.693913086,2.430166345,3.721472448,0.69298614,10.17429651
Northampton,E07000154,2.493227272,9.214147716,3.722018722,6.556776557,1.105467583,12.21530188
Northumberland,E06000057,1.399436551,8.958537482,2.106585853,5.367728583,0.639895838,12.81538291
Norwich,E07000148,8.681388255,20.81422788,10.53212315,17.67574301,6.517396371,24.48393541
Nottingham,E06000018,3.520245567,13.47390854,5.138687178,10.73099887,1.579931644,16.76232239
Nuneaton and Bedworth,E07000219,1.997788707,8.004498837,2.997167748,4.560283942,0.863016487,11.91532668
Oadby and Wigston,E07000135,2.88852374,7.108881778,4.09598676,4.079437319,1.566887057,10.42478036
Oldham,E08000004,1.031553398,9.17213973,1.770321215,6.721929496,0.165421696,12.04476725
Oxford,E07000178,17.48992439,15.55141059,19.03994438,13.30742005,15.76297444,18.05154567
Pembrokeshire,W06000009,0.788094739,8.476210438,1.290373654,5.486067131,0.222756839,11.84175354
Pendle,E07000122,1.317179066,11.74900258,2.237374814,9.583422118,0.189344476,14.40323844
Peterborough,E06000031,5.676472515,7.677389766,6.972327074,5.433606616,4.124186395,10.36518634
Plymouth,E06000026,2.679475737,12.26321437,4.478460198,9.709013754,0.656226696,15.13582614
Poole,E06000029,4.602390894,8.676118052,6.621397225,6.612501483,2.275756023,11.05416026
Portsmouth,E06000044,7.263453012,13.7636321,9.491889913,9.89682231,4.648915611,18.30040799
Powys,W06000023,1.279803647,9.968443198,1.89081837,7.343334537,0.579448395,12.97738646
Preston,E07000123,2.367859948,10.67781394,3.551253789,8.469964177,0.961774576,13.30113776
Purbeck,E07000051,2.812285246,9.509964582,4.195180006,6.724189229,1.233869142,12.68960833
Reading,E06000038,3.989681608,14.55733809,5.31721577,11.45874483,2.365300335,18.34880124
Redbridge,E09000026,1.122492683,5.040509672,1.611170784,2.909726341,0.509105544,7.715061877
Redcar and Cleveland,E06000003,1.506913475,8.772680066,2.307784288,3.778548368,0.670330585,13.98950787
Redditch,E07000236,1.535238903,6.541337434,2.551374963,5.1623151,0.369990893,8.122723133
Reigate and Banstead,E07000211,1.598223501,7.129452976,2.315412607,5.323394765,0.78004687,9.189822564
"Rhondda, Cynon, Taff",W06000016,0.443256255,7.465916719,0.779433582,3.89273931,0.075160626,11.37834889
Ribble Valley,E07000124,1.277867338,7.981755986,2.150537634,5.459057072,0.321410911,10.74666227
Richmond upon Thames,E09000027,5.900428905,6.471578262,7.269507156,4.667874519,4.335381178,8.533463651
Richmondshire,E07000166,1.658683697,11.53982615,2.576206096,10.69685575,0.517464424,12.58831725
Rochdale,E08000005,0.974764843,8.269697583,1.691357141,5.875617262,0.166769777,10.96914759
Rochford,E07000075,1.112484549,4.413417238,1.567609655,1.936153647,0.575592432,7.335741841
Rossendale,E07000125,0.684672286,6.671254086,1.139957828,4.783869267,0.187198502,8.733530132
Rother,E07000064,1.183989633,7.852030748,1.713395639,5.273698264,0.588345747,10.75295738
Rotherham,E08000018,0.835879116,7.145771347,1.436349981,3.728877206,0.158787289,10.99866619
Rugby,E07000220,2.912989213,8.179548899,4.098258448,5.935408787,1.542601759,10.77418425
Runnymede,E07000212,2.74753031,6.931971262,3.717647059,5.134640523,1.623553644,9.014357545
Rushcliffe,E07000176,2.900855561,5.423251132,3.938697318,3.421455939,1.751855779,7.639448568
Rushmoor,E07000092,2.670333167,7.72464888,3.963774221,6.234203875,1.154871187,9.470930806
Rutland,E06000017,3.227405067,11.95564641,4.27765237,10.63205418,1.949745984,13.56583825
Ryedale,E07000167,3.018670389,10.01134183,4.021425628,6.460651009,1.890814719,14.0050051
Salford,E08000006,2.275558692,11.67877578,3.599341406,9.045247077,0.788820748,14.63648706
Sandwell,E08000028,1.575371777,8.15948076,2.688964318,5.49879957,0.276227086,11.26349746
Scarborough,E07000168,2.217011298,18.08664345,3.339103499,12.36789359,1.001628263,24.28085064
Sedgemoor,E07000188,4.500741421,8.178609469,5.315692645,4.85379888,3.568550193,11.98173189
Sefton,E08000014,2.575412103,8.414009644,3.644432986,5.465728702,1.474103586,11.45133751
Selby,E07000169,2.30704698,6.25,2.709028435,3.470942682,1.86015612,9.339533854
Sevenoaks,E07000111,0.802176201,5.789964855,1.191530176,3.663125277,0.348312191,8.269189422
Sheffield,E08000019,1.81790171,10.24784317,2.757269164,8.279099444,0.766310892,12.4517867
Shepway,E07000112,1.780112178,10.16018633,2.380210882,7.287449393,1.091892443,13.4547681
Shropshire,E06000051,2.863739954,9.797439127,3.980453752,6.70017452,1.568798873,13.3890265
Slough,E06000039,2.237440623,8.37235846,2.976208335,5.967417719,1.299245599,11.42650309
Solihull,E08000029,1.33633894,4.939598867,2.108721227,2.885618521,0.496936363,7.171804892
South Bucks,E07000006,1.286463728,3.942927791,1.795520454,3.041895477,0.685131195,5.00728863
South Cambridgeshire,E07000012,7.541112863,4.842025231,8.586470124,3.556199,6.338923533,6.320760429
South Derbyshire,E07000039,1.545191561,5.160046097,2.44459074,3.063418916,0.506739637,7.580824972
South Gloucestershire,E06000025,3.908260584,6.613850061,5.95899628,4.451832502,1.584225918,9.063996986
South Hams,E07000044,1.188549746,10.09151275,1.815928441,6.816467292,0.5149271,13.60796112
South Holland,E07000140,4.019292605,6.09025015,4.227634044,3.984608374,3.776479613,8.544285124
South Kesteven,E07000141,2.770802083,9.488817353,3.435298659,5.799478915,2.039371194,13.54978048
South Lakeland,E07000031,2.626864383,13.64803903,3.908198902,9.466988192,1.243434933,18.1622301
South Norfolk,E07000149,3.02355365,4.87220892,3.537686332,2.911330394,2.4427843,7.08723665
South Northamptonshire,E07000155,0.981511625,4.812808241,1.31246845,2.27158001,0.609189468,7.671657202
South Oxfordshire,E07000179,3.484769033,7.78948372,4.535384984,5.295772961,2.296203475,10.61062756
South Ribble,E07000126,2.824800723,5.892020708,4.456581968,3.684793794,1.063648014,8.274241777
South Somerset,E07000189,2.834942996,11.24682303,4.506275925,8.314927544,0.879321756,14.67742444
South Staffordshire,E07000196,0.992050874,4.025437202,1.398629585,1.906489319,0.541023921,6.376033982
South Tyneside,E08000023,2.177244058,8.555749563,3.5679912,5.197305101,0.680624399,12.16986018
Southampton,E06000045,4.447323895,13.57649226,6.080447189,10.05785318,2.468141551,17.84073144
Southend-on-Sea,E06000033,2.711161807,11.5109615,3.497894546,7.711384949,1.793302993,15.94381989
Southwark,E09000028,7.295327839,11.50542359,9.747039751,10.27695648,4.52705427,12.89250867
Spelthorne,E07000213,2.559841919,5.128665739,3.605769231,3.639507422,1.368744597,6.824512535
St Albans,E07000240,1.538698736,6.450817145,2.075726648,4.30670155,0.917644712,8.930411943
St Edmundsbury,E07000204,2.923229743,10.5090312,3.866781682,7.872332446,1.813288626,13.61069443
St. Helens,E08000013,1.344113335,7.244567663,2.36803847,4.361440394,0.238490566,10.35773585
Stafford,E07000197,2.653658195,8.563521396,3.857420268,6.276536221,1.284259398,11.16519395
Staffordshire Moorlands,E07000198,0.956439394,7.391098485,1.629318811,4.187126149,0.196592398,11.00917431
Stevenage,E07000243,2.362396493,7.696054554,3.212667379,5.249223563,1.397793566,10.47189973
Stockport,E08000007,1.941294087,6.885079323,3.08059117,4.441672456,0.7120954,9.521294719
Stockton-on-Tees,E06000004,1.918212479,7.530564924,2.93877551,3.903061224,0.828247602,11.40475153
Stoke-on-Trent,E06000021,1.449369136,9.225709048,2.434460617,6.428866873,0.257394123,12.60992874
Stratford-on-Avon,E07000221,2.016592214,7.46831981,2.547176332,4.821317481,1.424105592,10.42414419
Stroud,E07000082,2.057468572,6.841961427,3.000953848,4.248294079,0.984564038,9.791405924
Suffolk Coastal,E07000205,4.498243324,6.669610459,5.27283212,4.303323002,3.615299289,9.366911795
Sunderland,E08000024,1.309164149,8.85633396,2.302867548,5.372744496,0.247587982,12.57786249
Surrey Heath,E07000214,1.639547882,5.231648242,2.2234498,3.461768632,0.955104684,7.306281027
Sutton,E09000029,2.089388288,6.907796874,3.209753129,4.248522253,0.843443376,9.86514573
Swale,E07000113,2.102308737,9.037573563,2.972169684,5.414077276,1.096927821,13.22559238
Swansea,W06000011,1.433261633,8.342578965,2.312611701,6.728967938,0.458354222,10.13153811
Swindon,E06000030,4.210900276,8.646451559,5.968457652,6.27389208,2.114692877,11.47616102
Tameside,E08000008,1.395296627,8.742212494,2.389246255,5.985938068,0.295564173,11.79182824
Tamworth,E07000199,2.074452116,7.063944761,3.109628541,4.234748685,0.902515522,10.26691417
Tandridge,E07000215,0.71443748,4.422075853,1.123651869,2.543265613,0.25399334,6.536095276
Taunton Deane,E07000190,6.378444529,12.84128793,7.48828682,8.926461601,5.186222592,17.04669789
Teignbridge,E07000045,1.598395875,8.66991311,2.450291965,5.144504398,0.687556802,12.43924606
Telford and Wrekin,E06000020,2.091572194,6.781498081,3.277800352,4.767709603,0.695175229,9.152077553
Tendring,E07000076,3.097033477,8.711054027,3.5470507,5.018741369,2.59955511,12.79277708
Test Valley,E07000093,2.785268438,7.501555753,4.072157641,5.323220868,1.32188772,9.978640229
Tewkesbury,E07000083,4.239698751,6.412375044,5.973587224,4.581285831,2.290383841,8.470967371
Thanet,E07000114,2.404619509,10.65374304,3.539292142,7.358528294,1.19650841,14.16223121
The Vale of Glamorgan,W06000014,1.750153186,6.678921569,2.830328111,4.644546261,0.588235294,8.867249603
Three Rivers,E07000102,1.13951495,4.739575455,1.721350452,3.523537803,0.482936252,6.111826572
Thurrock,E06000034,1.32227235,5.15997863,1.844907344,2.430679112,0.703380766,8.391948397
Tonbridge and Malling,E07000115,1.320069952,6.842926719,1.827500884,4.252386002,0.743300253,9.787456306
Torbay,E06000027,1.382653977,13.27986273,2.191749162,9.437232772,0.513245033,17.4089404
Torfaen,W06000020,0.826994006,7.048178884,1.472053127,4.897620365,0.126247445,9.384393411
Torridge,E07000046,1.190930605,10.63439957,1.8522507,7.028501687,0.44013367,14.72817671
Tower Hamlets,E09000030,6.782618869,17.06720223,7.940906408,15.92280449,5.083808287,18.74564125
Trafford,E08000009,3.062873768,6.529820592,4.395795494,4.517525215,1.602523392,8.734493416
Tunbridge Wells,E07000116,1.088308458,11.866449,1.54572778,8.569486189,0.544495491,15.78611536
Uttlesford,E07000077,1.044286495,6.629305631,1.459339775,4.322665056,0.550634427,9.372755566
Vale of White Horse,E07000180,6.189300996,6.778758234,7.222885176,5.180986476,4.997132479,8.621678455
Wakefield,E08000036,1.201821582,9.020447554,2.002537022,5.389033794,0.302540379,13.09887788
Walsall,E08000030,1.536113937,7.8474059,2.519103986,4.845295175,0.367417832,11.41667409
Waltham Forest,E09000031,2.865489459,5.967288763,3.865460999,3.931378349,1.641108421,8.460089816
Wandsworth,E09000032,7.3896193,6.649730191,9.91731593,4.88468376,4.672429715,8.547096245
Warrington,E06000007,2.470727982,5.995814243,3.669863814,3.721826488,1.158548143,8.484173616
Warwick,E07000222,3.021470903,9.467599339,4.083313003,7.236521103,1.819374439,11.99337154
Watford,E07000103,2.103291283,11.93920137,2.871844489,8.751869118,1.204075332,15.66841618
Waveney,E07000206,6.008653201,9.159899123,6.398299571,5.526395697,5.563268544,13.31316938
Waverley,E07000216,1.387339136,6.334151603,1.699247082,4.520964288,1.023450721,8.449512451
Wealden,E07000065,0.864032676,5.624067237,1.2695226,3.454282424,0.402900886,8.091592802
Wellingborough,E07000156,1.329119807,8.039780649,2.222093293,5.041773033,0.305830729,11.47530084
Welwyn Hatfield,E07000241,2.488222414,8.647955234,3.357145807,6.516083743,1.485997333,11.1068775
West Berkshire,E06000037,2.465933885,7.176869348,3.444580527,4.730557257,1.327157745,10.02345536
West Devon,E07000047,1.07640727,9.961178754,1.600338696,6.926333616,0.506538957,13.26211089
West Dorset,E07000052,2.381538159,12.43664813,3.285343403,8.406891669,1.397667129,16.82339037
West Lancashire,E07000127,1.613475964,7.3904745,2.558836115,5.323063757,0.594798967,9.618222058
West Lindsey,E07000142,2.008684764,7.246183765,2.580776265,4.313147734,1.377919677,10.48003137
West Oxfordshire,E07000181,3.938574157,7.328134946,4.819186244,4.819186244,2.955416158,10.12924683
West Somerset,E07000191,2.378482513,12.69264967,3.284671533,8.759124088,1.365348399,17.09039548
Westminster,E09000033,4.642046244,18.68495436,5.74286593,17.86147845,3.167548348,19.78796288
Weymouth and Portland,E07000053,3.355114831,11.97982346,4.926639816,8.493958573,1.573583367,15.93151243
Wigan,E08000010,1.537008745,8.025918789,2.521130022,4.639921269,0.425135307,11.85146426
Wiltshire,E06000054,2.745155817,9.503486101,3.923499304,7.044202571,1.385191859,12.34182399
Winchester,E07000094,1.845215704,9.346849076,2.454216553,6.97474917,1.156215714,12.0305511
Windsor and Maidenhead,E06000040,2.162105547,7.279338052,2.672964712,5.676576827,1.565995526,9.149563921
Wirral,E08000015,1.595069198,7.038687708,2.554408261,4.282764098,0.599858275,9.897661542
Woking,E07000217,2.46838732,7.132340204,3.13750098,5.474939211,1.643623707,9.175287634
Wokingham,E06000041,2.24876827,4.670942171,2.994751467,2.776062571,1.390779428,6.850328461
Wolverhampton,E08000031,2.099556432,8.710366355,3.286164165,5.989530081,0.731080348,11.84821829
Worcester,E07000237,4.223373633,13.18364997,5.983128968,9.20080007,2.242130514,17.66779263
Worthing,E07000229,4.78841124,12.10068629,5.881342835,8.611659655,3.600914222,15.89159942
Wrexham,W06000006,1.279248934,7.111119074,2.073294876,4.380726162,0.390980869,10.16550258
Wychavon,E07000238,1.771570691,6.611823226,2.386609071,3.707703384,1.073907717,9.906084116
Wycombe,E07000007,1.229250668,6.761533225,1.725997843,5.3865516,0.631615378,8.415770196
Wyre,E07000128,2.71209524,6.807241647,3.606959524,4.429200927,1.754641781,9.351608827
Wyre Forest,E07000239,1.625109149,7.49733191,2.606461087,4.308920705,0.524799341,11.07223709
York,E06000014,11.26745435,15.18319609,12.5316281,12.13598933,9.904256375,18.46909416
