date,geography,geography code,Rural Urban,Distance travelled to work: All categories: Distance travelled to work; measures: Value,Distance travelled to work: Less than 2km; measures: Value,Distance travelled to work: 2km to less than 5km; measures: Value,Distance travelled to work: 5km to less than 10km; measures: Value,Distance travelled to work: 10km to less than 20km; measures: Value,Distance travelled to work: 20km to less than 30km; measures: Value,Distance travelled to work: 30km to less than 40km; measures: Value,Distance travelled to work: 40km to less than 60km; measures: Value,Distance travelled to work: 60km and over; measures: Value,Distance travelled to work: Work mainly at or from home; measures: Value,Distance travelled to work: Other; measures: Value,Distance travelled to work: Total distance (km); measures: Value,Distance travelled to work: Average distance (km); measures: Value
2011,Darlington,E06000005,Total,49014,11433,12516,4226,5552,4410,793,1234,1502,4180,3168,653156.6,15.7
2011,County Durham,E06000047,Total,227894,36588,31877,38010,51191,19810,6846,2222,5704,20652,14994,3340279.1,17.4
2011,Hartlepool,E06000001,Total,37767,8452,10557,3406,5707,1684,681,489,1154,2473,3164,510743.3,15.9
2011,Middlesbrough,E06000002,Total,54547,10393,15799,11414,4137,1281,642,848,1733,3337,4963,647126,14
2011,Northumberland,E06000057,Total,146901,25944,14491,19568,30255,12969,5666,4162,5593,17894,10359,2543379.8,21.4
2011,Redcar and Cleveland,E06000003,Total,56354,8750,8270,11667,12544,1988,956,1050,1888,4034,5207,808646.6,17.2
2011,Stockton-on-Tees,E06000004,Total,87122,13975,19480,20574,11715,2257,1232,1730,2827,6376,6956,1176853,15.9
2011,Gateshead,E08000037,Total,91877,14252,22692,22674,14411,2431,509,771,2135,6383,5619,1116305.3,14
2011,Newcastle upon Tyne,E08000021,Total,119335,21999,33608,26977,10924,3161,656,1255,3691,8430,8634,1566867.1,15.3
2011,North Tyneside,E08000022,Total,96026,16314,21840,21618,16995,1658,467,806,2639,6997,6692,1277122.1,15.5
2011,South Tyneside,E08000023,Total,64622,11255,14699,15020,9943,1451,292,595,1902,3875,5590,887100.1,16.1
2011,Sunderland,E08000024,Total,121511,22817,30020,25463,19077,2876,1465,633,3112,7705,8343,1546183.9,14.7
2011,Blackburn with Darwen,E06000008,Total,60523,14083,14124,8256,8609,2796,1634,635,1341,4930,4115,644785.8,12.5
2011,Blackpool,E06000009,Total,61419,15754,17613,8224,3217,2604,643,740,1468,6173,4983,571627.6,11.4
2011,Cheshire East,E06000049,Total,181136,32246,26242,25533,32196,12469,6538,4525,5530,23337,12520,2391342.2,16.5
2011,Cheshire West and Chester,E06000050,Total,160138,26528,25727,23424,27282,13656,5786,4132,5441,17178,10984,2297378.4,17.4
2011,Halton,E06000006,Total,57577,10704,13262,9929,9316,2987,1800,591,1614,3696,3678,729884.2,14.5
2011,Warrington,E06000007,Total,100856,15292,24014,16340,12844,9933,2767,998,2737,9336,6595,1272896.6,15
2011,Allerdale,E07000026,Total,46076,9266,5329,5062,7493,5448,1801,1447,1323,6025,2882,681961.4,18.3
2011,Barrow-in-Furness,E07000027,Total,31257,11122,8854,3423,1238,404,943,238,1096,2009,1930,303383.5,11.1
2011,Carlisle,E07000028,Total,53874,13378,14371,6838,4792,1878,912,916,2093,5464,3232,659832.7,14.6
2011,Copeland,E07000029,Total,32891,5237,5027,5646,8610,1294,401,1109,1001,2782,1784,464336.2,16.4
2011,Eden,E07000030,Total,27461,5512,2043,2816,3838,2133,1156,770,1071,5771,2351,385960.7,20
2011,South Lakeland,E07000031,Total,51672,11590,5730,5108,8186,3062,1493,958,2183,9125,4237,670161.9,17.5
2011,Bolton,E08000001,Total,123367,21045,27946,22080,19590,8280,1601,1197,2588,10086,8954,1356332.2,13
2011,Bury,E08000002,Total,88036,13856,17131,19581,15805,3567,1170,1084,1861,7689,6292,987293.5,13.3
2011,Manchester,E08000003,Total,213705,40091,53634,50895,19994,4423,2506,3836,5397,15288,17641,2234478.5,12.4
2011,Oldham,E08000004,Total,96300,18074,23869,18594,13470,3004,1587,1384,1698,7349,7271,927093,11.4
2011,Rochdale,E08000005,Total,90753,17250,19314,18308,13162,4112,1446,1134,1861,7076,7090,943287.7,12.3
2011,Salford,E08000006,Total,106904,20766,24873,22558,14750,2846,1279,1385,2644,7987,7816,1135697.7,12.5
2011,Stockport,E08000007,Total,137130,20812,29557,29992,23689,3157,1549,2095,2864,13362,10053,1408370.6,12.4
2011,Tameside,E08000008,Total,101892,18180,23046,22200,16585,2249,1197,1494,1920,7651,7370,987444,11.4
2011,Trafford,E08000009,Total,110912,16539,23249,26282,17480,3071,1175,1804,2535,11166,7611,1186307.2,12.9
2011,Wigan,E08000010,Total,149908,24856,29011,28699,25166,11832,3450,1081,3320,10864,11629,1755520.9,13.8
2011,Burnley,E07000117,Total,38133,8390,9421,6117,4499,1524,1249,626,678,2941,2688,392863.4,12.1
2011,Chorley,E07000118,Total,53702,8185,8323,9243,10315,3377,2751,785,1120,5827,3776,677463.6,15.4
2011,Fylde,E07000119,Total,34510,6453,5676,6960,5273,1434,664,675,909,4055,2411,407164.9,14.5
2011,Hyndburn,E07000120,Total,35993,7087,7880,7710,3888,1721,1028,611,628,2860,2580,364594.3,11.9
2011,Lancaster,E07000121,Total,62832,14211,13477,9972,3731,2741,3231,1229,2764,6644,4832,833558,16.2
2011,Pendle,E07000122,Total,39324,9011,7431,6409,5276,1798,1321,1093,815,3370,2800,463874.9,14
2011,Preston,E07000123,Total,64180,13944,18332,8827,6740,2956,1119,1790,1407,5038,4027,687150.1,12.5
2011,Ribble Valley,E07000124,Total,28713,4699,3183,4919,5720,1711,983,931,547,4070,1950,352415.9,15.5
2011,Rossendale,E07000125,Total,32808,4773,4655,5029,6900,3466,951,437,635,3292,2670,419235.8,15.6
2011,South Ribble,E07000126,Total,55761,8281,13127,12824,6615,2725,1774,1071,1050,4691,3603,615606.6,13
2011,West Lancashire,E07000127,Total,51694,8765,7040,8169,10607,4160,1371,1003,1134,5648,3797,657225.1,15.6
2011,Wyre,E07000128,Total,48558,8191,8695,8498,7633,2727,664,902,1499,5406,4343,596246.6,15.4
2011,Knowsley,E08000011,Total,61691,9948,11064,15620,11750,1424,1093,769,1593,3531,4899,742355.7,13.9
2011,Liverpool,E08000012,Total,196630,34811,51672,48405,17061,5491,2175,4363,4965,12180,15507,2219401.2,13.1
2011,Sefton,E08000014,Total,121919,23016,21780,20466,20659,8431,2490,2346,3074,10137,9520,1595441,15.6
2011,St. Helens,E08000013,Total,78580,12438,17763,14800,13874,4065,2561,604,1928,5347,5200,962756.4,14.2
2011,Wirral,E08000015,Total,139929,20927,30527,32533,19400,5932,1877,2717,4051,11602,10363,1747654.5,14.8
2011,East Riding of Yorkshire,E06000011,Total,158757,27211,17065,24412,29827,11759,6293,5188,6184,18942,11876,2345745.7,18.3
2011,"Kingston upon Hull, City of",E06000010,Total,110903,22484,39799,21744,5773,1946,1198,1070,3541,5676,7672,1107323.6,11.4
2011,North East Lincolnshire,E06000012,Total,70776,15634,21831,10499,6022,1845,1278,858,2534,4574,5701,800659.5,13.2
2011,North Lincolnshire,E06000013,Total,78101,14268,16130,10639,12101,4937,2918,1921,3070,6841,5276,1113887.1,16.9
2011,York,E06000014,Total,98721,23810,26163,11687,6239,4207,4582,2954,3451,9297,6331,1315177.8,15.8
2011,Craven,E07000163,Total,27600,5505,2280,3692,3448,2295,1465,1051,1012,4595,2257,437137.6,21.1
2011,Hambleton,E07000164,Total,45255,9213,3225,4841,8204,3474,2058,1798,1791,7270,3381,716822.9,20.7
2011,Harrogate,E07000165,Total,81402,17691,12864,7742,11045,7440,2801,1289,2623,12145,5762,1073201.8,16.9
2011,Richmondshire,E07000166,Total,27795,6558,3453,2625,3418,1540,937,867,1433,4910,2054,441812.1,21.2
2011,Ryedale,E07000167,Total,25504,4719,1947,2275,3896,2231,1030,872,1379,5114,2041,398988.8,21.7
2011,Scarborough,E07000168,Total,48359,14333,8118,5228,3350,2429,1054,1234,2296,6450,3867,628880.1,16.5
2011,Selby,E07000169,Total,43286,5695,3532,5076,9155,6106,2519,1375,1735,5133,2960,754173.3,21.4
2011,Barnsley,E08000016,Total,103579,16863,19539,17915,18968,8001,1876,1128,3043,7945,8301,1291115.2,14.8
2011,Doncaster,E08000017,Total,133815,20502,25659,26358,19433,8124,3913,3416,4564,11055,10791,1786109,16
2011,Rotherham,E08000018,Total,114871,16294,22228,25968,21791,3246,1690,2459,3550,8748,8897,1393038.1,14.3
2011,Sheffield,E08000019,Total,244318,43491,60057,55808,23191,5489,3318,6474,8702,18553,19235,2895284.3,14
2011,Bradford,E08000032,Total,218937,39380,50949,40852,34717,9010,1785,2804,4745,19312,15383,2333165.5,12.7
2011,Calderdale,E08000033,Total,96645,17372,21761,18300,12837,5308,2047,1098,1729,9506,6687,980143.9,12.2
2011,Kirklees,E08000034,Total,192397,31917,40980,36147,32259,10152,3696,2237,4079,17716,13214,2050413.4,12.7
2011,Leeds,E08000035,Total,355225,55977,78034,85954,51690,11317,3815,4283,10005,29647,24503,3980077.1,13.2
2011,Wakefield,E08000036,Total,151828,25780,28550,26788,32850,8223,2945,1214,3768,11373,10337,1755099.6,13.5
2011,Derby,E06000015,Total,112422,22119,35130,15049,12100,5409,1547,2514,3368,7829,7357,1227184.6,12.6
2011,Leicester,E06000016,Total,137494,31686,44409,21896,7887,4013,2896,2401,4023,9392,8891,1281186.8,10.7
2011,Nottingham,E06000018,Total,123218,25562,35486,22556,8830,3666,1772,1395,5733,8856,9362,1428854.1,13.6
2011,Rutland,E06000017,Total,18037,3929,1198,2152,2356,1574,953,620,976,3011,1268,284005.2,20.6
2011,Amber Valley,E07000032,Total,59381,9926,9197,10471,13412,3083,752,832,1737,5697,4274,687287.7,13.9
2011,Bolsover,E07000033,Total,34511,4941,4298,6957,7472,2733,888,598,1294,2855,2475,480093,16.5
2011,Chesterfield,E07000034,Total,47901,9511,12080,6579,7244,1639,1266,744,1578,3755,3505,572645.8,14.1
2011,Derbyshire Dales,E07000035,Total,35005,5567,3426,4057,6306,3306,1271,824,1053,6390,2805,454261.5,17.6
2011,Erewash,E07000036,Total,54851,9771,8631,11388,11443,1756,762,854,1830,4621,3795,626124.2,13.5
2011,High Peak,E07000037,Total,45618,9661,4869,5459,8712,4201,1433,1060,1130,5494,3599,572021.4,15.7
2011,North East Derbyshire,E07000038,Total,46858,5405,6824,10706,9438,2494,947,1010,1573,4680,3781,609433.8,15.9
2011,South Derbyshire,E07000039,Total,47886,5974,5630,11556,8820,2616,1958,1528,1472,5083,3249,648450.7,16.4
2011,Blaby,E07000129,Total,48276,5631,9861,12342,6559,1808,1085,1205,1313,4795,3677,526609.2,13.2
2011,Charnwood,E07000130,Total,79572,13917,12816,15970,14343,3945,1374,1444,2617,7925,5221,934961,14.1
2011,Harborough,E07000131,Total,44079,6573,3176,6557,9419,4340,1299,1240,1781,6408,3286,622328.7,18.1
2011,Hinckley and Bosworth,E07000132,Total,53774,8279,6895,8138,13008,3383,1790,1158,1464,5814,3845,664833.1,15.1
2011,Melton,E07000133,Total,26184,5633,2332,2479,3970,3738,1016,768,926,3489,1833,372639.4,17.9
2011,North West Leicestershire,E07000134,Total,46291,7004,6875,6415,9515,3824,1641,1194,1413,4979,3431,613208.1,16.2
2011,Oadby and Wigston,E07000135,Total,26399,4071,5669,8087,1865,900,528,610,772,2187,1710,269799.9,12
2011,Boston,E07000136,Total,30807,7574,5560,3905,3720,2085,578,992,803,2831,2759,337031.1,13.4
2011,East Lindsey,E07000137,Total,56311,12642,4194,6686,8225,4731,2657,1959,1908,8626,4683,783281.6,18.2
2011,Lincoln,E07000138,Total,44599,11811,12449,5073,1947,3020,853,1397,1735,3088,3226,531310.9,13.9
2011,North Kesteven,E07000139,Total,52428,7009,6598,10381,8087,5088,1429,1396,2391,5933,4116,828026.1,19.5
2011,South Holland,E07000140,Total,41490,6672,6438,4599,7632,3969,1278,851,1707,4954,3390,574077.8,17.3
2011,South Kesteven,E07000141,Total,66532,13584,8145,4905,11797,5616,3249,2655,3633,7971,4977,1104286,20.6
2011,West Lindsey,E07000142,Total,41968,6067,3513,6483,7927,4504,1675,1260,1773,5681,3085,658903.9,19.8
2011,Corby,E07000150,Total,30688,7045,9418,3518,2587,1258,1232,613,1308,1860,1849,415083.5,15.4
2011,Daventry,E07000151,Total,39536,5900,3558,5149,7823,3512,1599,1208,2017,5753,3017,590881.1,19.2
2011,East Northamptonshire,E07000152,Total,43417,6649,3623,5813,8471,5214,1529,1251,2196,5196,3475,672160.7,19.3
2011,Kettering,E07000153,Total,46918,9338,7353,6496,8266,2902,1551,934,2113,4541,3424,614964.2,15.8
2011,Northampton,E07000154,Total,106792,18657,31694,16628,7510,6775,1712,2154,4929,8457,8276,1234999.7,13.7
2011,South Northamptonshire,E07000155,Total,45740,4802,3165,7446,9300,4138,2003,1535,2789,6786,3776,725730.4,20.6
2011,Wellingborough,E07000156,Total,36363,6215,6075,5283,7266,2018,898,810,1783,3324,2691,495423,16.3
2011,Ashfield,E07000170,Total,55336,9193,11190,11339,9081,2942,937,698,1796,4177,3983,647984.9,13.7
2011,Bassetlaw,E07000171,Total,52814,10430,7300,6032,9039,5052,2034,1611,2150,5525,3641,767152.1,17.6
2011,Broxtowe,E07000172,Total,53185,7862,10279,13676,7865,1387,891,778,2268,4688,3491,654742.4,14.5
2011,Gedling,E07000173,Total,55598,7250,12246,14672,6741,2036,774,726,1826,5150,4177,615772.3,13.3
2011,Mansfield,E07000174,Total,48361,8281,10598,8253,6672,3959,1065,537,1651,3613,3732,594237.7,14.5
2011,Newark and Sherwood,E07000175,Total,54555,9116,7265,5681,9888,6214,1991,1130,2248,6943,4079,818426.8,18.8
2011,Rushcliffe,E07000176,Total,55346,6242,8558,10804,9914,3533,1531,963,2701,7416,3684,798478.4,18
2011,"Herefordshire, County of",E06000019,Total,90237,17872,13215,10050,11752,6004,2393,2117,3523,15123,8188,1118280.6,16.7
2011,Shropshire,E06000051,Total,150748,28113,18830,15802,21518,15321,5774,4640,5989,22808,11953,2166748.1,18.7
2011,Stoke-on-Trent,E06000021,Total,108109,19827,29878,23885,9578,3937,1258,2409,2906,6933,7498,1104251.3,11.8
2011,Telford and Wrekin,E06000020,Total,78372,13034,19164,14976,7466,4937,2284,2237,2955,6331,4988,1023212.6,15.3
2011,Cannock Chase,E07000192,Total,47476,7692,7743,5820,10813,4062,1249,725,1183,3753,4436,581585.1,14.8
2011,East Staffordshire,E07000193,Total,54921,11510,10969,6171,7849,3849,2218,1519,1474,5555,3807,662763.5,14.5
2011,Lichfield,E07000194,Total,49016,6607,4603,7846,10154,5867,1511,1040,1461,6145,3782,682539.6,17.5
2011,Newcastle-under-Lyme,E07000195,Total,57366,8788,14058,11746,7006,2446,891,1581,1914,4982,3954,681637,14.1
2011,South Staffordshire,E07000196,Total,53328,5047,6291,13268,10582,4355,1320,890,1459,5996,4120,685148.4,15.9
2011,Stafford,E07000197,Total,64494,11597,11646,7964,10060,5295,2363,1669,2129,7722,4049,844710.6,16
2011,Staffordshire Moorlands,E07000198,Total,47591,7319,4064,9026,11509,2319,1209,1344,1325,5919,3557,597191.9,15.7
2011,Tamworth,E07000199,Total,38281,6622,9269,3125,6570,4455,1138,602,1034,2789,2677,476735.7,14.5
2011,North Warwickshire,E07000218,Total,31258,3713,3621,6184,6766,2980,876,421,820,3393,2484,390914.6,15.4
2011,Nuneaton and Bedworth,E07000219,Total,60205,9847,12332,11263,9645,4905,1551,790,1510,4381,3981,695201.9,13.4
2011,Rugby,E07000220,Total,50485,8905,10357,6043,7876,3472,1620,1516,1997,5216,3483,657666.3,15.7
2011,Stratford-on-Avon,E07000221,Total,60765,8969,4743,7016,12511,5463,2743,1732,2430,10191,4967,857531.9,18.8
2011,Warwick,E07000222,Total,69608,13046,12720,9860,10547,4267,2107,1322,3096,8208,4435,894156.7,15.7
2011,Birmingham,E08000025,Total,423691,63012,95188,109441,53686,11977,5523,4467,12646,32837,34914,4378263.9,12.3
2011,Coventry,E08000026,Total,137560,23754,39327,24120,14284,7750,2579,1941,4191,10043,9571,1471883,12.5
2011,Dudley,E08000027,Total,141998,22859,35502,31218,20914,4167,1585,1285,3228,10956,10284,1388958.3,11.5
2011,Sandwell,E08000028,Total,128630,20368,34988,33361,14481,2430,1747,1140,3118,7840,9157,1218915.1,10.9
2011,Solihull,E08000029,Total,97941,11583,18059,21995,18576,5121,1350,957,3289,9989,7022,1152211.1,14.2
2011,Walsall,E08000030,Total,112270,18152,25857,24264,19389,2838,1516,1188,2566,8150,8350,1119408.7,11.7
2011,Wolverhampton,E08000031,Total,104284,17889,29100,18678,12333,6342,969,1230,3030,7229,7484,1185100.7,13.2
2011,Bromsgrove,E07000234,Total,46251,5529,4925,7325,12463,3600,1093,706,1446,5759,3405,615829.6,16.6
2011,Malvern Hills,E07000235,Total,34361,5153,3784,4408,5696,2353,1275,1219,1234,6260,2979,454728.7,18.1
2011,Redditch,E07000236,Total,42922,7731,11907,3999,5708,4482,874,383,1065,3623,3150,467733.6,12.9
2011,Worcester,E07000237,Total,50101,12576,13047,3571,4930,2749,2840,1202,1625,4210,3351,603387.8,14.2
2011,Wychavon,E07000238,Total,58268,8213,6640,8814,9307,5793,2654,1808,1900,8527,4612,795280.2,17.6
2011,Wyre Forest,E07000239,Total,46339,8452,8269,5705,6426,5387,1404,769,1084,5143,3700,549931.3,14.7
2011,Bedford,E06000055,Total,75810,13693,16618,8184,8641,6027,2091,1898,4858,7921,5879,1007453.7,16.2
2011,Central Bedfordshire,E06000056,Total,132061,17887,12744,16544,27533,11318,5243,8120,6048,14781,11843,2021669.9,19.2
2011,Luton,E06000032,Total,89201,17868,20564,9403,9646,6117,2549,6216,1842,6171,8825,1093497.8,14.7
2011,Peterborough,E06000031,Total,88044,16209,23938,15367,5179,4488,1914,2314,4851,7158,6626,1155725.4,15.6
2011,Southend-on-Sea,E06000033,Total,81339,18007,16380,8802,5116,3143,1836,10465,2572,7434,7584,1185501.7,17.9
2011,Thurrock,E06000034,Total,77420,9000,12249,10612,13188,10370,6076,1331,1563,5186,7845,1125820.4,17.5
2011,Cambridge,E07000008,Total,59437,15963,19464,3881,3329,1413,705,1205,3620,6417,3440,625020.3,12.6
2011,East Cambridgeshire,E07000009,Total,43919,4838,2865,6053,8579,7203,1957,867,2206,5702,3649,716095.3,20.7
2011,Fenland,E07000010,Total,44514,9093,4733,4764,6559,5105,2191,1268,1967,4683,4151,662067.3,18.6
2011,Huntingdonshire,E07000011,Total,88991,14195,9551,10932,16720,8692,3414,2667,6143,10153,6524,1512978.3,20.9
2011,South Cambridgeshire,E07000012,Total,79139,7490,9453,16225,17179,4486,1790,2162,4272,10476,5606,1097205.7,17.4
2011,Basildon,E07000066,Total,83006,12783,13413,10340,10708,4744,8985,5686,1358,6482,8507,1197799.9,17.6
2011,Braintree,E07000067,Total,74200,11685,7010,6818,13239,6779,2893,5117,4856,8511,7292,1229631,21.1
2011,Brentwood,E07000068,Total,36251,4294,3331,3684,5961,5123,5169,626,541,4094,3428,544000.8,18.9
2011,Castle Point,E07000069,Total,41443,5526,4983,7663,4531,2704,1447,5411,765,3625,4788,624905.5,18.9
2011,Chelmsford,E07000070,Total,86451,14061,14068,7708,12168,5357,3584,11698,1569,8857,7381,1323767.2,18.9
2011,Colchester,E07000071,Total,85587,16112,17862,9872,8059,5448,2803,1868,7572,8617,7374,1301944.8,18.7
2011,Epping Forest,E07000072,Total,61609,6067,5361,8618,15848,8260,2079,731,737,7060,6848,744588.6,15.6
2011,Harlow,E07000073,Total,40401,7572,9872,3879,4980,3568,2912,577,525,2778,3738,436453.4,12.9
2011,Maldon,E07000074,Total,30292,4531,1939,2943,5684,2988,999,1953,1922,4092,3241,497592,21.7
2011,Rochford,E07000075,Total,40662,4613,5304,8455,4156,2018,1190,5802,1027,4056,4041,654231.3,20.1
2011,Tendring,E07000076,Total,54857,10784,7235,5870,8448,4428,924,1404,3962,6231,5571,839244.5,19.5
2011,Uttlesford,E07000077,Total,40772,5020,3130,4502,6499,3344,2118,4553,1661,6217,3728,680004.7,22.1
2011,Broxbourne,E07000095,Total,46222,6372,5676,7976,7822,6906,1046,475,627,3904,5418,517938,14
2011,Dacorum,E07000096,Total,73437,11726,10176,8394,11403,5031,5899,3913,1080,8844,6971,929328.5,16.1
2011,East Hertfordshire,E07000242,Total,72225,10126,6832,9362,11954,5565,7266,5096,1119,8672,6233,1043768,18.2
2011,Hertsmere,E07000098,Total,49428,6641,5555,7699,10057,6540,697,531,637,6104,4967,529626.6,13.8
2011,North Hertfordshire,E07000099,Total,64990,10477,7210,8739,8225,5750,3526,6844,1663,7594,4962,1019277.2,19.4
2011,St Albans,E07000240,Total,71378,8911,8328,10068,9425,7236,9859,1669,1208,9221,5453,1006865.1,17.8
2011,Stevenage,E07000243,Total,42738,7194,10571,3385,6318,2744,1751,3151,789,3184,3651,545893.9,15.2
2011,Three Rivers,E07000102,Total,43999,4401,6831,7004,6423,5997,2314,591,681,5416,4341,524892.1,15.3
2011,Watford,E07000103,Total,47634,9418,8371,5083,6288,7623,1006,612,685,4048,4500,513910.9,13.1
2011,Welwyn Hatfield,E07000241,Total,52981,10180,7634,6869,7882,4966,3676,945,938,5452,4439,630430.2,14.6
2011,Breckland,E07000143,Total,61301,11077,4972,5470,10845,8666,3329,2189,2184,7477,5092,970238.9,19.9
2011,Broadland,E07000144,Total,61541,6741,11257,13695,11150,3239,1008,673,1761,6724,5293,738878.4,14.9
2011,Great Yarmouth,E07000145,Total,41264,9196,8479,4920,3964,3008,1544,691,1432,3817,4213,558152.3,16.8
2011,King`s Lynn and West Norfolk,E07000146,Total,67268,11415,10087,8185,11297,4347,2125,2484,3402,7965,5961,983465.4,18.4
2011,North Norfolk,E07000147,Total,43183,7459,3198,4988,6464,4465,2587,1024,1701,6822,4475,665899.1,20.9
2011,Norwich,E07000148,Total,62424,17244,19686,6630,3102,2251,1514,706,2058,4781,4452,635173.8,11.9
2011,South Norfolk,E07000149,Total,60333,6393,5990,11317,13401,4606,2185,1256,2006,7820,5359,855039.7,18.1
2011,Babergh,E07000200,Total,42250,6656,4701,5318,7727,3555,1278,917,2547,5776,3775,633870.1,19.4
2011,Forest Heath,E07000201,Total,31540,6728,3070,4556,5370,2777,857,997,1373,3079,2733,432235.3,16.8
2011,Ipswich,E07000202,Total,65479,16126,18385,6845,6392,2498,1471,1061,2882,4674,5145,738597,13.3
2011,Mid Suffolk,E07000203,Total,48570,6195,4066,6931,9166,4951,2164,1362,2207,7274,4254,741786.1,20
2011,St Edmundsbury,E07000204,Total,56483,12834,8440,4510,6973,6434,2340,2324,2145,6340,4143,786752.6,17.1
2011,Suffolk Coastal,E07000205,Total,58257,9641,8285,9020,9972,3152,1515,1081,2739,8232,4620,782056.6,17.2
2011,Waveney,E07000206,Total,49181,10437,9468,4795,7404,2581,1979,1080,1639,4967,4831,655097.3,16.6
2011,Camden,E09000007,Total,108966,17698,27648,29373,6766,1417,489,585,1449,14366,9175,723599.6,8.5
2011,City of London,E09000001,Total,4747,2257,846,384,137,31,23,17,83,687,282,26319.9,7
2011,Hackney,E09000012,Total,118556,16130,30252,34482,9033,1420,476,603,1427,11963,12770,796679.2,8.5
2011,Hammersmith and Fulham,E09000013,Total,99618,14006,18115,34833,10020,1412,584,592,1140,10416,8500,735802.1,9.1
2011,Haringey,E09000014,Total,124296,10703,14934,45250,18941,2445,660,594,1583,12465,16721,1028679.1,10.8
2011,Islington,E09000019,Total,106765,15364,36943,25510,5836,1462,507,587,1400,10122,9034,706803.9,8.1
2011,Kensington and Chelsea,E09000020,Total,81387,11176,19866,22399,5389,761,412,418,968,13510,6488,533237.2,8.7
2011,Lambeth,E09000022,Total,166494,14376,32941,64043,17599,2468,1118,1093,2120,13862,16874,1321567.1,9.7
2011,Lewisham,E09000023,Total,136057,12466,20203,42449,28783,2449,1107,812,1742,11413,14633,1213111.5,11
2011,Newham,E09000025,Total,132454,14025,19480,28419,31363,4038,1311,1193,2068,8945,21612,1259892.8,12.4
2011,Southwark,E09000028,Total,147388,20095,41277,41941,11142,1832,959,1007,2117,12303,14715,1101779.3,9.2
2011,Tower Hamlets,E09000030,Total,120873,24729,31135,30894,9206,1617,866,930,1796,9046,10654,900729.2,8.9
2011,Wandsworth,E09000032,Total,178582,15186,27706,66099,30265,3316,1655,1286,2028,16635,14406,1514911.9,10.3
2011,Westminster,E09000033,Total,111179,21455,32926,22123,5946,1357,702,849,1650,15542,8629,710834,8.2
2011,Barking and Dagenham,E09000002,Total,75217,8092,13079,11472,19586,4839,1112,598,1300,4740,10399,829231.8,13.8
2011,Barnet,E09000003,Total,170658,17057,20734,36206,47142,4071,1370,1086,1799,20968,20225,1469351.1,11.3
2011,Bexley,E09000004,Total,110159,10863,17256,18487,30636,8228,1601,981,1421,8560,12126,1207617.5,13.5
2011,Brent,E09000005,Total,147461,15451,27761,36623,26401,3214,921,768,1868,12856,21598,1194982.9,10.6
2011,Bromley,E09000006,Total,151368,15585,18933,21859,48292,11462,2061,1111,1785,15799,14481,1629513.5,13.5
2011,Croydon,E09000008,Total,172987,22570,24885,29785,45962,10707,1952,1402,2780,15619,17325,1871355.9,13.4
2011,Ealing,E09000009,Total,164820,18151,25809,35784,39550,5096,1349,1320,2011,15002,20748,1476596.1,11.4
2011,Enfield,E09000010,Total,137622,15693,23261,22084,40369,4530,1331,848,1764,12362,15380,1306743.4,11.9
2011,Greenwich,E09000011,Total,117821,11422,17307,25399,32925,3251,1561,794,1664,9610,13888,1180864.2,12.5
2011,Harrow,E09000015,Total,113900,12576,16529,19138,29857,7904,1271,934,1376,11574,12741,1159749.4,12.9
2011,Havering,E09000016,Total,112846,12721,17158,16215,19467,21170,2104,971,1534,8705,12801,1364367.2,14.9
2011,Hillingdon,E09000017,Total,130290,17175,23044,26443,21028,13687,2171,1192,1827,11229,12494,1321592.1,12.4
2011,Hounslow,E09000018,Total,127032,16376,23852,27711,24730,5701,1448,906,1654,11139,13515,1144105.8,11.2
2011,Kingston upon Thames,E09000021,Total,81957,11610,12889,11716,21788,5002,1145,694,1004,8942,7167,827953.3,12.6
2011,Merton,E09000024,Total,104822,10778,15083,18730,33873,2553,1069,701,1161,9455,11419,982213.5,11.7
2011,Redbridge,E09000026,Total,124692,12264,16001,20714,40806,5232,1564,1025,1702,11029,14355,1302450.4,13.1
2011,Richmond upon Thames,E09000027,Total,99204,10657,14139,15697,28346,4720,1513,961,1280,13870,8021,992976.1,12.8
2011,Sutton,E09000029,Total,97658,13437,18695,16339,23297,4180,916,702,1139,8738,10215,910798,11.6
2011,Waltham Forest,E09000031,Total,121021,12441,15249,28045,31352,3017,982,734,1443,9193,18565,1067747.9,11.4
2011,Bracknell Forest,E06000036,Total,61914,9218,10398,8615,11509,4938,1692,2428,1035,6875,5206,703116,14.1
2011,Brighton and Hove,E06000043,Total,139823,32300,31065,12447,10361,3367,5017,2366,12275,17356,13269,2061388.9,18.9
2011,Isle of Wight,E06000046,Total,59299,14437,6986,11072,10019,1064,584,535,1794,7280,5528,585835.7,12.6
2011,Medway,E06000035,Total,126689,18518,23639,16670,16464,7024,5182,13207,3130,9922,12933,1932807.1,18.6
2011,Milton Keynes,E06000042,Total,127783,17859,31324,27041,8823,6106,2338,3210,8819,12488,9775,1616771.9,15.3
2011,Portsmouth,E06000044,Total,96619,23310,24425,14837,6030,4603,1506,1450,4092,7092,9274,1091009.4,13.6
2011,Reading,E06000038,Total,79852,17851,19296,8319,6930,5424,2183,3423,3054,6999,6373,940846.3,14.2
2011,Slough,E06000039,Total,67300,11851,13519,11082,9741,4514,2980,922,1037,4977,6677,684165.1,12.3
2011,Southampton,E06000045,Total,112608,23327,31310,19111,9171,3367,1989,2190,4129,7767,10247,1187855.2,12.6
2011,West Berkshire,E06000037,Total,81679,12398,12674,11932,10948,6241,2997,2827,4124,10689,6849,1081177.8,16.9
2011,Windsor and Maidenhead,E06000040,Total,73951,10708,9904,10960,12364,4804,4079,3318,1125,10898,5791,869114.7,15.2
2011,Wokingham,E06000041,Total,81377,8973,13735,15652,11223,5906,2615,4475,1719,10842,6237,992865.2,15.4
2011,Aylesbury Vale,E07000004,Total,90724,13967,10450,8919,14159,9544,4065,5711,3834,12152,7923,1358947.3,19.2
2011,Chiltern,E07000005,Total,44785,4989,3842,5660,7119,3639,4843,2676,620,7188,4209,629814.2,18.9
2011,South Bucks,E07000006,Total,33117,2950,4297,5832,5427,2741,2532,812,483,5211,2832,403600.4,16.1
2011,Wycombe,E07000007,Total,86350,12871,12315,12508,11486,6802,3872,5697,1419,11425,7955,1070682.7,16
2011,Eastbourne,E07000061,Total,44449,10878,12587,2411,2825,2890,1335,984,2111,4417,4011,523681.8,14.5
2011,Hastings,E07000062,Total,40671,9764,10893,3426,1709,1843,1030,1103,2181,4386,4336,485295.8,15.2
2011,Lewes,E07000063,Total,45532,7454,3856,5810,10068,2448,1053,1168,2880,6310,4485,664807.6,19.1
2011,Rother,E07000064,Total,37583,5760,3699,5358,5364,1850,1174,1106,2621,6336,4315,534662.2,19.9
2011,Wealden,E07000065,Total,71084,8830,5950,8584,12760,5880,2480,3927,3156,11746,7771,1034673.5,20.1
2011,Basingstoke and Deane,E07000084,Total,90122,15127,17453,10406,11321,7392,2584,3748,5164,10042,6885,1246823.7,17
2011,East Hampshire,E07000085,Total,58457,8504,4041,7431,10179,5532,2927,2151,3526,8475,5691,907593,20.5
2011,Eastleigh,E07000086,Total,65768,9220,9714,16737,10722,2290,1286,1427,2456,6198,5718,775509.5,14.4
2011,Fareham,E07000087,Total,56445,7428,10338,11385,10412,2350,575,1158,2382,5596,4821,731909.8,15.9
2011,Gosport,E07000088,Total,40063,7279,10283,8098,3631,1807,434,484,1527,2886,3634,472100.9,14.1
2011,Hart,E07000089,Total,48047,5471,5282,9182,7170,2998,1884,3493,1745,6957,3865,696170.9,18.7
2011,Havant,E07000090,Total,55555,8629,10090,10845,8685,2328,1115,1112,2174,4964,5613,663775.3,14.8
2011,New Forest,E07000091,Total,82993,12784,10072,14215,14076,6134,2097,1061,3518,11249,7787,1103284,17.3
2011,Rushmoor,E07000092,Total,51087,9689,10006,6933,6927,3301,1334,2989,1143,4529,4236,618556.2,14.6
2011,Test Valley,E07000093,Total,59611,10533,8689,8483,7799,4975,2087,1913,3130,7402,4600,847794.9,17.8
2011,Winchester,E07000094,Total,57318,9063,6237,6502,10325,4139,1894,1921,4072,8633,4532,927171.9,21
2011,Ashford,E07000105,Total,57546,9451,10813,5025,5994,4915,2424,1310,4917,7206,5491,932471.5,20.8
2011,Canterbury,E07000106,Total,65620,13863,8069,9812,7095,4802,1916,1922,4957,7592,5592,1036394.8,19.8
2011,Dartford,E07000107,Total,49611,6564,8033,7190,6864,9063,1800,632,762,3809,4894,631407.4,15.4
2011,Dover,E07000108,Total,50396,9500,6126,5906,9853,4443,987,954,2755,5191,4681,761433.8,18.8
2011,Gravesham,E07000109,Total,47639,6344,6097,6804,7922,3781,5333,1216,1066,3912,5164,696928.4,18.1
2011,Maidstone,E07000110,Total,78090,12097,12730,9853,10469,5129,2575,6322,2381,9110,7424,1100861.7,17.9
2011,Sevenoaks,E07000111,Total,56015,6017,4640,6567,9108,7102,7322,1356,853,7654,5396,823139,19.2
2011,Shepway,E07000112,Total,48280,9838,7041,4769,7069,4008,931,1482,3104,5307,4731,752996.1,19.7
2011,Swale,E07000113,Total,62810,11411,8079,6067,11249,4517,2031,2972,4208,6447,5829,987868.3,19.5
2011,Thanet,E07000114,Total,55200,11232,13109,7197,2645,4071,1000,1140,3770,5793,5243,808698.5,18.3
2011,Tonbridge and Malling,E07000115,Total,59993,7681,6945,9612,8538,4048,3222,6605,1140,6831,5371,902211.7,18.9
2011,Tunbridge Wells,E07000116,Total,57234,10311,7712,5831,5953,2948,1980,7647,1682,8021,5149,876363,19.9
2011,Cherwell,E07000177,Total,74829,15543,9914,8762,10963,6288,3203,2247,3768,8567,5574,1024707.5,16.9
2011,Oxford,E07000178,Total,69807,17594,21648,6322,4620,1266,1639,1310,3478,7287,4643,701727.7,12.1
2011,South Oxfordshire,E07000179,Total,70087,11103,6381,10225,12347,5777,2346,2622,3093,10398,5795,926935.3,17.2
2011,Vale of White Horse,E07000180,Total,63181,9769,7849,11743,10438,4644,1689,1389,2893,7808,4959,799235.3,15.9
2011,West Oxfordshire,E07000181,Total,56515,10490,3742,7891,10738,5893,1574,1265,2563,7665,4694,765313.6,17.3
2011,Elmbridge,E07000207,Total,64730,6566,8453,9503,9740,11703,1939,587,805,9879,5555,749168.7,15.2
2011,Epsom and Ewell,E07000208,Total,38005,4927,5960,6363,6749,5067,488,348,409,4114,3580,396919.9,13.1
2011,Guildford,E07000209,Total,70021,10678,10930,8957,9480,4604,3850,5359,1147,9154,5862,897249.1,16.3
2011,Mole Valley,E07000210,Total,42422,5472,4520,5742,7452,4463,2708,799,478,6784,4004,487547,15.4
2011,Reigate and Banstead,E07000211,Total,71236,9834,10810,10872,10271,7459,5073,1201,1011,8477,6228,852513.2,15.1
2011,Runnymede,E07000212,Total,40651,6733,6293,6858,6407,2769,2251,431,632,4809,3468,433299.5,13.4
2011,Spelthorne,E07000213,Total,50161,6584,9478,11841,6601,4467,992,413,712,4808,4265,490257,11.9
2011,Surrey Heath,E07000214,Total,44968,5415,6179,6258,7743,4393,1587,2531,793,6184,3885,566028,16.2
2011,Tandridge,E07000215,Total,41813,4306,3872,6423,6668,5883,2620,961,631,6448,4001,544778.9,17.4
2011,Waverley,E07000216,Total,59178,7651,6071,6505,9535,3540,2302,5857,2213,9954,5550,883524.7,20.2
2011,Woking,E07000217,Total,51341,7242,7283,8068,7124,3169,5322,2161,783,5842,4347,668095,16.2
2011,Adur,E07000223,Total,29356,4868,4967,5933,3603,1115,1126,382,1305,2991,3066,353827.4,15.2
2011,Arun,E07000224,Total,67443,11462,8519,12978,8968,3462,1796,2078,3084,8436,6660,871612.8,16.7
2011,Chichester,E07000225,Total,53285,10147,5651,6105,7734,3298,1504,1979,2931,8724,5212,710440.3,18.1
2011,Crawley,E07000226,Total,55466,9199,15526,8202,5852,1880,1939,3825,1277,3682,4084,678761.2,14.2
2011,Horsham,E07000227,Total,66299,9117,6810,6815,12849,6075,2779,4281,2107,9683,5783,967136.9,19
2011,Mid Sussex,E07000228,Total,72229,12623,7815,8043,12581,4588,1654,6703,2831,9459,5932,1093577.4,19.2
2011,Worthing,E07000229,Total,50611,12595,11712,3445,5496,2834,1286,1105,2337,5271,4530,596543.2,14.6
2011,Bath and North East Somerset,E06000022,Total,84858,17252,15658,9527,16284,3816,708,1246,2787,10624,6956,971217.8,14.4
2011,Bournemouth,E06000028,Total,89186,16787,24712,16630,6135,914,1767,1723,3257,9111,8150,970570.4,13.5
2011,"Bristol, City of",E06000023,Total,209995,45846,63042,35751,15836,2946,2111,2808,6856,17841,16958,2097696.1,12
2011,Cornwall,E06000052,Total,244527,46668,30531,31706,39596,14319,5470,4711,8621,38596,24309,3584822.5,19.7
2011,Isles of Scilly,E06000053,Total,1311,565,73,20,0,0,0,4,109,428,112,23389.6,30.3
2011,North Somerset,E06000024,Total,97563,17364,12659,12469,19313,8229,2789,1191,3726,11734,8089,1391588.1,17.9
2011,Plymouth,E06000026,Total,117466,24950,34918,26035,4949,964,1210,2389,4280,7898,9873,1639773.2,16.4
2011,Poole,E06000029,Total,71709,13725,21184,12632,4818,863,966,1332,2662,7451,6076,768092.3,13.2
2011,South Gloucestershire,E06000025,Total,136531,21120,22334,34619,22076,3643,1730,2551,4599,12787,11072,1647284.8,14.6
2011,Swindon,E06000030,Total,109499,20280,31812,18354,5507,3104,2333,4312,6722,8849,8226,1461793.2,15.8
2011,Torbay,E06000027,Total,56912,15388,10582,9766,3653,1889,1373,785,1417,6853,5206,619338.8,13.8
2011,Wiltshire,E06000054,Total,239216,46432,25593,31023,38325,16609,10406,7302,12013,32701,18812,3556871.1,18.9
2011,East Devon,E07000040,Total,59908,10754,5825,7154,12535,3723,1386,774,2187,10081,5489,798730.5,18
2011,Exeter,E07000041,Total,57139,17493,18513,4858,2629,1770,523,984,1546,4825,3998,546041.8,11.3
2011,Mid Devon,E07000042,Total,38508,6751,2451,4153,7665,4264,886,817,1222,6773,3526,540004,19.1
2011,North Devon,E07000043,Total,44754,11194,6119,5450,6400,1364,429,651,1599,7582,3966,509882.5,15.4
2011,South Hams,E07000044,Total,39999,6671,3500,5214,6806,2342,1291,811,1397,7824,4143,619623.9,22.1
2011,Teignbridge,E07000045,Total,58962,9495,7410,9562,10889,4185,1029,986,1630,8611,5165,771648.8,17.1
2011,Torridge,E07000046,Total,29402,5202,3304,2663,5612,1646,543,610,1000,5830,2992,378425,18.4
2011,West Devon,E07000047,Total,25241,4254,1332,2971,4240,1672,1333,909,856,5245,2429,408834.5,23.3
2011,Christchurch,E07000048,Total,20301,3336,3788,3538,3031,493,620,358,680,2530,1927,232785.9,14.7
2011,East Dorset,E07000049,Total,40050,4173,4873,8607,7481,1468,1244,1061,1521,5926,3696,538862.3,17.7
2011,North Dorset,E07000050,Total,33432,6846,2380,3631,5215,3085,1622,770,1258,5280,3345,466620.2,18.8
2011,Purbeck,E07000051,Total,21419,3714,2632,3004,4138,1257,376,307,858,3125,2008,286550.8,17.6
2011,West Dorset,E07000052,Total,45714,10162,4213,5430,5814,3530,1691,870,1738,8174,4092,602736.1,18
2011,Weymouth and Portland,E07000053,Total,29987,6853,5843,4559,3709,653,923,724,1140,2987,2596,378611.9,15.5
2011,Cheltenham,E07000078,Total,59183,15693,14717,5601,5469,2356,797,1660,2587,6074,4229,641025.4,13.1
2011,Cotswold,E07000079,Total,41529,7105,3133,4124,5754,4060,1793,1386,2322,7995,3857,632077.2,21.3
2011,Forest of Dean,E07000080,Total,39068,5668,3505,5163,7273,4088,1847,1033,1226,5459,3806,550888.6,18.5
2011,Gloucester,E07000081,Total,61374,12761,16249,9524,8175,1548,769,1846,1855,4379,4268,656681.7,12.5
2011,Stroud,E07000082,Total,57342,8075,7570,8556,10131,4394,2263,1166,1991,8194,5002,751767.1,17
2011,Tewkesbury,E07000083,Total,41544,6150,6428,9014,6788,1628,654,1081,1500,5205,3096,479039,14.4
2011,Mendip,E07000187,Total,53845,10739,5253,6424,9117,4167,2052,946,1538,8580,5029,678540.9,16.9
2011,Sedgemoor,E07000188,Total,54540,11022,7292,5531,9984,3648,1876,1548,1689,7155,4795,742060.3,17.4
2011,South Somerset,E07000189,Total,78771,17232,10790,9983,12438,4793,2074,1674,2808,10536,6443,1003259.5,16.2
2011,Taunton Deane,E07000190,Total,54244,13883,10486,6113,6295,1801,1480,1405,1994,6661,4126,644639.2,14.8
2011,West Somerset,E07000191,Total,15355,3446,1026,1119,1942,1072,658,273,517,3885,1417,190026.2,18.9
2011,Anglesey,W06000001,Total,30431,4680,3453,4025,5259,3028,1196,515,1552,4026,2697,532332.2,22.5
2011,Gwynedd,W06000002,Total,53961,10020,5041,7791,6836,3659,2125,2075,2970,8546,4898,876729.1,21.6
2011,Conwy,W06000003,Total,50093,8887,7440,7418,6833,3388,1443,1571,2168,6743,4202,728060.5,18.6
2011,Denbighshire,W06000004,Total,41156,8053,4547,6222,5389,3923,2049,1211,1210,5136,3416,559366.3,17.2
2011,Flintshire,W06000005,Total,74049,9986,10683,14543,15888,4903,1885,1677,2793,6577,5114,1053004,16.9
2011,Wrexham,W06000006,Total,63614,9797,13113,12690,9986,3320,1653,1575,2009,5324,4147,787661.8,14.5
2011,Powys,W06000023,Total,63653,11815,4573,5641,8237,4766,2387,2573,3908,13621,6132,974537.3,22.2
2011,Ceredigion,W06000008,Total,32446,6248,2886,4015,3675,2065,1084,982,1760,6780,2951,483081.5,21.3
2011,Pembrokeshire,W06000009,Total,54217,10465,5680,7191,8462,3143,1173,954,2414,9395,5340,808117.5,20.5
2011,Carmarthenshire,W06000010,Total,80680,13248,8744,7827,15982,7899,2602,2518,3460,11630,6770,1266658.6,20.3
2011,Swansea,W06000011,Total,102793,18349,24588,23416,10795,2137,2001,2459,3671,8228,7149,1286508.4,14.7
2011,Neath Port Talbot,W06000012,Total,58980,9029,8642,12017,12410,4041,1188,1866,1481,4081,4225,824110.1,16.3
2011,Bridgend,W06000013,Total,61259,10494,9386,9892,10289,6234,3203,752,1695,4813,4501,870252.4,16.8
2011,The Vale of Glamorgan,W06000014,Total,58978,9632,8577,12314,11004,3644,896,840,1805,5886,4380,807245.4,16.6
2011,Cardiff,W06000015,Total,159614,32193,43788,32864,12795,5100,2130,2861,4445,11998,11440,1724618.7,12.7
2011,"Rhondda, Cynon, Taff",W06000016,Total,99327,13137,13251,17306,23861,9762,2945,922,2520,6778,8845,1360727,16.3
2011,Merthyr Tydfil,W06000024,Total,25099,5719,5258,2784,3098,2235,1425,265,669,1680,1966,331619.8,15.5
2011,Caerphilly,W06000018,Total,77488,11632,11267,14582,20375,4888,989,1000,1770,5347,5638,961270.3,14.5
2011,Blaenau Gwent,W06000019,Total,28291,4964,5510,4205,5391,2123,878,673,873,1660,2014,376347.2,15.3
2011,Torfaen,W06000020,Total,40261,7471,7888,7864,6436,2762,774,536,1043,2582,2905,467654.4,13.4
2011,Monmouthshire,W06000021,Total,42817,7083,2779,4721,7350,4903,2748,1307,1830,6619,3477,715811.6,21.9
2011,Newport,W06000022,Total,64408,11067,16790,10854,8978,3383,1436,712,2276,4728,4184,815995.6,14.7
